title,author,year,search_count
Spring effect,Allen Pena,2024,2
Fly into someone,Peggy Edwards,1988,69
Must before often,Ana Wilkinson,2011,207
Usually with garden,Amanda Suarez,2010,11
End Republican star,Jesse Owens,2001,90
Until result,Anthony Allen,1987,176
Brother age trouble other detail,Austin Henson,1977,241
She pay majority according,Jay Williams,1999,114
Author company really record off,Becky Brown,2013,205
Similar security down,Angela Jones,2005,128
Parent ahead pressure fight,Meghan Frost DVM,2014,3
Look current tonight fire national,Jake Flores,1997,45
Receive seat more,Anthony Collins,2018,120
Cover reflect above join second,Christopher Reed,2003,125
Phone anyone authority night,Adam Gilbert,1987,173
Film PM first party,Kristin Smith,2018,34
Push same room ball,Michael Hooper,2016,45
Above finally perform phone,Eric Kline,2004,22
Be human,Patrick White,2024,60
Year strategy police,George Hampton,2008,38
Success government student help drop,Michael Coffey,1976,177
Laugh character,Jeffrey Hartman,1982,38
Claim another group,Miranda Stanton,1989,110
Enter say me challenge,Anthony Smith,2024,83
Early son course,Cynthia Rodriguez,2020,93
Rest say chair,John Brown,2025,150
One everyone process,Michael Townsend,2024,98
Event center evidence,Laura Harmon,2018,31
Girl soon tree pretty,James Andrews,1989,93
Special recognize,Robert Brown,1982,224
Defense buy,James Noble,1999,153
Hundred doctor summer,Diamond Sullivan,2002,238
Mean own sort any school,Christina Young,2007,202
Rise treat window detail,Rebecca Ayala,1991,90
Per exist line top,Mr. Tony Ward,2008,14
Reach system between computer,Charles Alexander,1991,64
Teacher less cause,Madison Bailey,2005,81
Kitchen what about,Megan Hammond,1973,224
Policy much act,Cheryl Maldonado,2003,204
Campaign trip,Steven Torres,1972,106
Phone pattern,William Johnson,2025,82
Huge when magazine deal step,Christine Perez,1981,21
Choose toward happen,Crystal Lozano MD,1980,213
Trade military worker respond close,Christina Montgomery,1991,207
Recent political happy,Crystal Park,1973,74
Style doctor spend,Lauren Stephens,2001,121
Two side argue city,Aaron Madden,1986,79
Family fall,Andre Delacruz,1971,183
Entire site can together,John Malone,1971,224
Radio deal increase,Amanda Johnson,1990,153
Meet bring south land,Maria Oliver,1994,211
Network clear card technology,Julie Mullen,1973,166
History author sister,Lisa Figueroa,2010,144
Including happen cup,Ruth Brennan,1987,99
Sign team nothing leg,Katherine Rodriguez,2016,189
Left physical marriage look not,Adam Dixon,2003,154
Social catch report,James Stark,2004,125
Moment pretty save type almost,Patricia Juarez,1999,225
Sing street enough opportunity,Keith Perry,2011,153
Start kid,Patricia Rangel,1985,227
Listen trade maybe,James Diaz,2009,33
Three even watch focus leg,Kyle Solomon,1987,139
Possible pass time,Jessica Richardson,1998,132
Theory ball real,Keith Lee,1986,91
Forget establish director film last,Paula Sims,2000,224
You position start floor development,Grant Butler,2000,227
Unit door,Lisa Bennett,1978,160
Smile own second then,Daniel Jones,1989,69
Trial stay street,Denise Cochran,2023,134
Mention two,Nathan Byrd,2006,106
Call win task public,Robert Garcia,1991,53
Grow talk,Nicole Underwood,2013,169
His modern matter,Michael Vargas,1981,170
Current alone,Jesse Jones MD,1971,13
Personal history art exist talk,Jennifer Romero,2003,148
High window detail food mother,Denise Davis,2013,199
Contain job,Wayne Dean,2024,193
Fine white reach our,Jason Dillon,2006,195
Today writer call travel,Kevin Mcmillan,2011,135
Fast security ever weight,Kimberly Malone,1983,31
Compare dog,Ryan Smith,2000,153
Prepare unit cause,Christopher Adams,2013,235
Eight explain try cost,Dominique Martin,1972,8
Report reflect hour want,Bryan Harris,1981,231
Mission who,Keith Vega,1978,180
Outside upon everyone stand,Jorge Bass,2010,71
Miss over serve,Charles Terrell,2019,13
Measure ago human smile people,Paula Phillips,2023,239
Conference voice process history training,George Nunez,1992,233
Wide body,Susan Larsen,1974,199
Television matter street hair,Jessica Serrano,1983,59
Voice person question her,Angela Wilson,1990,204
Citizen body system,Erica Harris,1995,60
Decade spend figure,Julie Jones,1975,213
Father big the,Justin Christensen,2004,43
Maintain then suffer cold,Kristen Foley,1988,151
Election black deep,Ryan Thomas,1983,140
Voice miss different,Heather Perkins,2006,106
Goal suddenly,Jason Fowler,1977,3
Civil during response save,Matthew Henderson,2016,162
Choice action,Henry Goodwin,2021,159
Very land fall,Pamela Jenkins,1999,140
Place staff animal subject,David Williams,1987,9
Fill coach without whole,Spencer Mccoy,2004,67
Least wear hit this,Sean Williams,2024,94
Serious player consumer,Kristine Lee,1990,113
Up couple after whom,Theresa Jackson,2022,60
Firm impact mouth,Teresa Farmer,2006,245
Truth son long,Tiffany Johnson,1998,14
Service customer country,Brittney Garcia,2001,134
Card focus money term deep,Maria Collins,1970,44
Avoid offer,Jordan Hicks,1973,220
Close country possible,Lynn Phillips MD,2020,136
Floor morning leader,Thomas Woods,2022,244
Floor because ability go measure,Shelby Turner,2010,48
Health star physical,Amy Cohen,2023,245
Factor paper,Melissa Tran,2011,178
Everyone which part,Mr. Vincent Miles II,1992,216
Argue door anyone action group,Ronald Singleton,2023,28
Hope their also,Grant Ball,2018,219
Scene decade try stock,Lauren Santiago,2020,186
Live large act there agree,Lisa Hall,1989,196
Likely game miss,Elizabeth Foster,1982,190
Father cultural success medical,Kirk Wilson,1993,240
Adult even trade goal,Kim Stevens,2003,193
Expert interview until,Spencer King,2007,98
Base little idea anything,James Sutton,2006,205
Hair property,Nicholas Savage,1997,232
Camera behavior,Amanda Bennett,1979,110
Actually analysis available,Becky Vang,1997,31
Per turn media sense,Tyler Rodriguez,1999,205
Politics suffer,Amy Martinez,2009,43
Adult degree both second option,Richard Andrews,2017,135
Travel then both employee boy,Deborah Kelly,1981,117
Size everyone visit shake alone,Mr. Larry Carpenter,2011,16
Party shoulder boy face six,Eric Alexander,1973,12
Thus their side two,David Smith,1992,230
Shake car part,Megan Rivera,1975,25
Gas experience gas,Nicholas Garcia,1979,135
Star chair able star image,Mitchell Brown,2008,141
She admit someone,Billy Stevenson,1982,12
Create type common account,Alexis Galvan,2017,149
Step pick,Mark Jackson,2019,213
Price sort exist,Lisa Savage,1996,228
North bag simply service,Tina Robinson,2022,42
Reason often none rate,Chelsea Ritter,1982,77
Star real,Elizabeth Avila,1973,247
Scene thing side,Cynthia Singh,1987,44
Wrong partner pretty,Peter Petersen,2005,97
Conference prepare,Nina Wade,2022,198
Subject standard born,Lorraine Williams,2016,29
Arrive right large,Chelsea Bishop,1974,34
Account then employee dream short,Seth Pennington,1972,39
Win state forget direction,Sabrina Harris,1996,99
Physical on audience oil fish,Gina Wagner,2005,54
Government success amount yeah indicate,Christina Wallace,1980,218
Central apply detail,Barbara Robertson,1977,190
From operation Mrs child actually,Lauren Hurley,1974,212
Instead peace top,Diane Mendoza,1987,21
Near house,Debra Palmer,1986,207
Piece decide never serious,Danielle Marquez,1970,128
Agency analysis if instead,Eric Jones DDS,2006,183
Beyond worker summer argue individual,Justin Smith,1995,192
Of foreign though,Greg Holmes,1984,55
Section continue,Justin Richardson,2018,213
Save those second military,Megan Farrell,2008,249
Or focus there,Janet Lester,2004,108
Training current,Alexander Rosales,1975,80
Section relationship,Kirk Wilson,1972,117
Office report best as,Andrew Donaldson,1983,18
Whom respond need,Jennifer Williams,1984,102
Near benefit step note,Christine Weaver,1991,145
Series company find forward,Mrs. Christine Green,1982,28
School get late only,Mario Todd,1996,181
Table wonder hand possible,Kelly Lucas,1985,209
Director star red follow certain,Jessica Quinn,1985,70
Same message draw kitchen,Andrea Hughes,2005,22
Or contain her,Sarah Barnett,2025,188
Clearly significant,Adam Moss,1974,26
About fall mention,Michael Lara,1986,70
Toward every,James King,1990,25
Old once floor,Lisa Clark,2024,30
Agency arrive west tax,Laura Smith,2000,242
Force paper base miss,Jimmy Santos,1991,102
Start employee bring away feeling,Richard Callahan,1978,182
Talk now career office laugh,Patricia Ward,2007,92
Professor into,David Hoffman,1996,189
Audience attack design firm,Matthew Sanchez,2004,187
Ground role value,Kevin Carpenter,2010,96
Type attorney cell,Anthony Martinez,1985,195
Often brother family use shoulder,Hannah Rivas,2024,61
President thing place stock,Gina Davis,1970,74
Mouth information feel,Aaron Young,1979,224
High it mention,Kimberly Carpenter MD,1984,131
Inside six street stage,Steven Rodgers,1984,247
Citizen enough enough maintain teach,Kenneth Keith,1990,183
Sometimes claim success,Laura Smith,2010,61
Address world learn also,Kenneth Dixon,2001,129
Mr rise like main,Carolyn Davenport,2024,226
Answer charge air film only,Brandon Chandler,2004,204
Be few friend plan,Kristen Barnett,2008,90
Will current,Abigail Keller,2011,31
Actually cause beyond,Jose Baldwin,1970,209
Sing save yourself,Jeffrey Ayers,1995,119
Today clearly subject budget view,Meagan Carney,1990,23
Close Republican billion,Stephen Lopez IV,2019,201
Decade quickly carry wish,Ashley Douglas,1987,233
Activity difference,Robert Sanchez,1975,133
Allow expect very science,Stephanie Sims,2001,27
Remain sound,Jeffrey Evans,1996,159
Serve sell other,Antonio Curry,2007,110
Their dream down change,Kelsey Smith,1979,181
Near control movie after,Cesar Molina,2009,125
Receive range whether maybe system,Jeffrey Barnes,2018,181
Bad election nation woman,Collin Blankenship,2025,175
Tonight vote any,Jason Williams,1976,73
Report chair health break,Cassandra Ho,1997,183
Nor report continue,Sean Shaw,1993,53
Plan hold,Joyce Smith,2005,115
Help agreement policy degree,Rodney Duncan,1979,89
Worry medical administration,William Mclean,1983,118
Director window understand herself,Brittany French,1997,20
Beat purpose environmental popular,Kelly King,1998,160
Work recent religious tree,Robert Richardson,2005,173
Executive get standard talk,John Gregory,2009,35
Produce student personal,Shirley Brown,1991,250
National sign assume term,Nicole Ray,1982,69
Effort leg,Hannah Taylor,2004,76
Course present nice,Russell Harper,2021,86
Candidate rather but,Calvin Case,2016,166
Them machine hair perform,Danny Wright,2024,164
Short create will,Haley Young,2004,172
Party skill key professional,Mrs. Heather Wright,2003,182
Kid president student,Erin Evans,1989,59
Hard audience dark,Christopher Morris,2010,84
Idea lose name worker success,Rachel West,2000,137
Space five,Jessica Ewing,1982,201
Model area think,Charles Smith,1997,181
Though rich find people,James Wilson,2015,7
As discover strong arrive,Shannon Ford,1995,144
Professor successful baby green political,Patricia Miller,1984,21
Spend glass,William Hunter,2007,206
Friend sell protect war,John Meadows,2002,7
Factor attention Republican,Candace Neal,1997,72
Into sign,Paul Brooks,2003,108
Report discussion play instead art,Jennifer Chambers,1971,238
Study traditional history,Victor Brown,1984,217
Kitchen guess finally,Curtis Mitchell,2010,70
Central teach perform common adult,Patrick Rodriguez,1977,137
Keep two follow wife also,Jack Anderson,2010,161
Along drop it develop,Suzanne Miller,1990,240
Very Mrs side throughout,Kurt Aguilar,2024,48
Paper ability consumer,Stacey Ware,1991,32
Security color program appear,Keith Nichols,2014,240
Receive radio open,Angela Orr,1993,75
Best imagine term traditional easy,Ryan Riley,2014,131
Crime scene win statement,Christine Wilson,2004,219
According wind truth share,Matthew Jackson,1999,56
She floor break,Michael Tyler,2000,35
Financial cup modern statement,Margaret Garrison,2012,66
Seven Republican first trouble,Abigail Bray,1999,68
Off scene seat including,Deborah Wood,2003,183
Economy popular threat produce describe,Cameron Brown,2005,53
Never home talk,Gabriel Morales,1977,227
Magazine instead prepare Democrat,Chad Owens,2012,233
More strong reduce figure road,Patty Barajas,2017,116
Organization year large,Martin Hughes,1997,246
Where may middle possible,Robert Thomas,1985,147
Size color meet plant hope,Sarah Hill,2024,228
Way tonight hour,Luke Brown,2025,101
Heart measure movie,Cynthia White,1992,155
Avoid site special,Debra Campbell,2001,243
Front lawyer,Maria Maldonado,1974,115
Past interest leader operation,Carrie Clark,2009,39
Notice lose pretty story himself,Lindsay Golden,1981,145
Talk home spring,Tammy Martin,1971,85
Camera will law blue thank,Derek Perry,2022,166
Soldier to safe support subject,Thomas Garcia,1998,142
Position center leg in,Richard Wilkins,2012,60
Summer before,Michelle Sutton,2016,75
Together air,Cindy Conrad,1987,52
Word care environmental,Paul Davis,2013,59
Color talk attention,Daniel Castro,1979,195
Church form for,Mrs. Amber Small PhD,1974,182
Deal begin defense,Holly Cole,2017,75
Push attention necessary,Lori Anderson,2002,48
Will pretty reality trip,Jacob Lowe,1993,185
See threat ball paper middle,Michael Taylor,1976,47
Hot any,Heather Mckee,1999,90
Author camera hope its,Amanda Carlson,1985,101
Million hand include,Herbert Lee,2000,156
Since style cup customer feeling,Richard Liu,1991,101
Program lead project off alone,Thomas Terry,2015,104
Image near mission friend,William Marshall,2006,4
Throw design there need,Kelly Chapman,2002,34
Energy subject hope have,Margaret Williams,1979,203
Bill city forget officer table,Natalie Myers,1998,229
Happy stay agent,Harold Miller,1974,230
Suddenly analysis those,Brian Charles,1989,157
Off send behavior writer,Brian Hall,1997,70
Mrs according occur know,Leslie Wong,2019,125
Card morning here event,Scott Wolf,1975,175
National carry hear,David Richmond,2019,166
Detail because enough drug raise,Melissa Griffin,2017,128
According alone tonight I,Christopher Duncan,1991,50
Each any,Regina Hutchinson,1988,162
In state sense place,Victoria Garcia,2013,184
Mrs little response,Andrea Smith,1994,173
Run build,Jonathan Porter,2016,106
Administration activity garden,Mathew Thomas,2017,150
Fill year minute environment include,Dakota Perez,2008,177
Health return keep show grow,Joe Bernard,1973,49
Box away church,Martin Nguyen,1970,112
Tough staff,Carl Campbell,2018,52
Rule person commercial,Edgar Hardin,1977,165
Really despite,Cassandra Arnold MD,1970,204
Cost choice,Alan Garner,1971,165
Notice become feel husband,Eric Schmitt,1999,204
Great boy strong,Joyce White,2013,98
Treat east statement night,Jason Nguyen,2005,220
Large drive miss,Diane Anderson,2007,143
Special future however meet,Justin Le,2000,44
Leave firm this his,Kathleen Powell,2001,193
Protect thank only,Amanda Mann,2000,233
Cause happen phone simple,John Bautista,2013,93
Court total hospital responsibility,Brandi Welch,1991,207
Interesting case clearly why,Barbara Mooney,2006,132
Amount writer security way,Beth Johnson,1999,37
Eat consider,Nicole Baker,1994,156
Stage discuss bar,Lauren Carroll,1985,175
People simply western worker,Jasmine Johnson,1989,109
Bad human,Michael Mejia,2011,118
Firm free young something,Ana Lambert,1976,45
Center voice value level future,Lucas Mccullough,2008,12
Front common politics put,William Thompson,2001,147
Clearly five charge ever meeting,Sherry Solis,1995,118
Sign sign southern analysis force,Margaret Smith,1985,133
Article professional,Leah Harvey,2000,97
Clearly financial,Megan Oneill,1977,161
Check sure grow listen sea,Lauren Robbins,1979,158
Deep large test sport,Kevin Turner,1984,11
Author couple someone,Anthony Walker,2004,59
Describe since second,Samantha Mendoza,1991,76
Though light set,Michael Wright,2007,27
Peace whole under,Tiffany Moore,1987,83
Join keep,Carly Bell,2021,137
Federal mean structure scene collection,Jacqueline Jones,1999,203
Song listen require shake every,Scott Conner,1972,102
Memory concern investment,Cheryl Martinez,1981,55
Structure share peace,Becky Harvey,2025,109
Improve bad per see,Richard Gonzalez,2024,194
Ground score,Christian Williams,2019,93
Game above,Joyce Garza DDS,2004,117
Buy late ok,Zachary Drake,1991,32
Spring must discussion program,Matthew Mccarthy,1980,235
Collection run agreement low,Kimberly Harmon,2024,233
Old art despite,Olivia Snyder,2025,45
School what,Eric Duran,1993,146
Her step sport type,Larry Williams,1997,62
May bar hotel expect,Michelle Wilson,1985,12
Surface within will attack series,Steven Henry MD,2003,151
Lot notice pattern,Nicole Moody,2024,38
Indeed bad,Shannon Maddox,1996,3
Record bill leave trip,Jorge Ortiz,1995,239
Be admit,Amanda Davis,2001,148
One good,Scott Ortiz,1994,173
Then society clear air,Eric Oconnor,2023,40
Bill small choose,Larry Gentry,1970,185
Bring sit son participant cost,Melissa Gibbs,2023,64
There also trip management,Robert Johnson,1991,50
Risk key real,Kristy Wilson,2017,170
Religious news than edge cup,Haley Nguyen,1972,223
Heavy free,Randall Bowers,2025,57
Sing seat late understand,Michael Thomas DDS,2012,24
Adult clear,Elizabeth Smith,2001,70
Best good suddenly,Tracy Rojas,1980,10
Huge product child expert,James Perkins,2009,229
School land art,William Barton,2020,71
State from able,Lori Nielsen,1992,104
Daughter rule,Kenneth Graham,2022,31
Matter lawyer no firm,Paul Dennis,1985,185
Character magazine majority,Bryan Sanford MD,1981,122
Not appear yeah dark stuff,David Smith,1972,231
Why trade adult stage few,Sarah Erickson,1981,76
Well note activity others,Phillip Werner,1975,228
Perform raise individual,Ricardo Mckee,1986,46
Arm especially family when trial,Melinda Allen,2023,9
Move simply after prevent gun,Samantha Harrington,1982,16
Class performance by human wrong,Marissa Delgado,2018,102
From daughter agency with gun,Mary Weber,1974,119
Difficult three assume,Christopher Bullock,2007,33
Town test task too heavy,Christopher Atkins,1979,246
Seek election recent,Stephen Smith,2013,219
History sell become business process,Thomas Holder,2025,219
Suffer whole know,Scott Gregory,2025,85
Next skin doctor area,Victor Jackson,1991,246
Debate one continue senior,Erin Wilson,2020,86
Reach reality development blue pressure,Julia Mcintosh DDS,2025,187
War father minute really,Aaron Oliver,1989,232
Note laugh they kid talk,Vernon Wagner,2021,143
Lot believe capital international easy,Austin Mitchell,1998,144
Reflect most value with,Jonathan Crane,1976,75
Son among year forget,Jordan Taylor,2010,227
Billion relate house,Francis Ramirez,2016,142
Require evening activity strategy,Ronald Alvarez,1976,107
Herself push join,Christine Lucas,2015,168
Action practice career,Monique Williams,1994,217
Base certain,Elizabeth Ramirez,1995,119
Few half,Tina Howell,2018,81
Together gun through positive political,Heather Phillips,2009,140
Research spend fight,Donna Jones,1992,100
Treatment participant body animal,Dennis Newton,1973,147
Continue evening field late,Jamie Contreras,2012,44
Their billion whose rule,Julia Davis,2007,234
Catch green expert girl final,Shirley Gates,1990,59
Billion remain federal heart beautiful,Andrea Rodriguez,1997,249
Resource evidence read month rule,Gabriela Rogers,2013,188
Summer power benefit idea,Kayla Martin,2017,71
Successful generation down,Heather King,2014,212
Good north,Jeff Giles,2006,77
Upon statement bag she,Stephanie Mann,2004,103
Physical team,Jonathan Olson,1996,250
Usually when,Aaron Le,1999,223
Network thank both my,Travis Wagner,1972,122
Fight price begin reality cover,Cody Allen,2022,37
Best deep support in allow,Charles Freeman,1972,147
Hospital order respond cell late,Anthony Vasquez,1972,88
Light cup,David Williams,2018,153
If spring,Cory Patel,2011,120
Ahead yard page he,John Simpson,1999,1
Base loss,Maria Parker,2023,42
Guy since smile ahead pay,Danielle Brown,1984,149
Group method outside yourself modern,Sandra Williams,2009,38
State science account total,Eric Burgess,1999,98
Turn that win peace trade,Annette Greene,1995,61
Hundred else order difficult,Makayla James,1993,46
Sort could,Carl Oliver,2000,31
Past class tough,Lisa Davis,1974,244
Whose again,Lisa Ellison,1986,20
Cover leader season this,Todd Banks,1973,242
Professor issue allow job maintain,Cameron Johnson,2021,184
Mission follow modern,Karl Herrera,1986,203
Price quality and into nothing,Erin Garza,2020,236
Bill claim visit most,Vanessa Price,1980,199
Hundred attack determine wind TV,Erin Mccarty,2011,21
Line go base among theory,Leslie King,2000,157
Increase might reality,Jennifer Patel,2023,151
Live million old yard,Terri Eaton,2017,66
Cultural rather way exist grow,James Cross,1982,177
Person our risk,Casey Hansen,2001,10
Add nation through,Brian Brown,1979,124
Fall down election,Paul Wilkins,2024,228
Personal international throughout effect,Vanessa Harrison,2000,206
Candidate probably foot,Mikayla Berger,2011,125
Suddenly space low enter Mrs,Yvonne Compton,2024,120
Data according time course example,Savannah Roth,2003,216
Whole store surface change whole,Nathan Ruiz,1994,229
No reflect,Gary Wise,2024,77
Case them major wrong,Dawn Mccarthy,1997,195
Learn check,Roberto Aguilar,2001,71
Particular book any bill,Sherri Hopkins,1994,131
Oil smile half,Andrew Melton,1974,53
Body produce,Matthew Morales,1982,234
Wait kitchen thus,Lauren Tucker,2006,2
Drug concern whole style,Matthew Morrow,2003,156
Employee together,Bruce Walsh,2000,170
Black house real next,Kelly Patrick,1986,125
Represent move,Carrie Middleton,1998,81
Decide gas energy,Phillip Lawrence,1974,43
Discuss argue knowledge each,Kyle Gonzalez,2018,49
Dinner clear attack,Adam Davis,1993,153
Hear go remain,Clifford Davis,2016,76
Sea despite public material,Stephen Castillo,1984,118
Doctor I,Rachel Garcia,1981,214
Method section yourself all,Amanda Nichols,2007,106
Party receive song election ahead,Tricia Butler,1970,123
Child morning popular I,Kelly Boyd,1974,109
Body concern boy,Logan Stone,1982,23
Yes reason scene expert reach,Sarah Arnold,1992,31
Rich sign everyone live family,Jill Esparza,2015,38
Skill magazine or,Benjamin Marsh,1995,47
Not contain,Travis Leon,2003,32
Although Mr now especially practice,Paul Armstrong,1980,148
Media rise,Dr. James Simmons,2001,229
Blue look action street its,Kathleen Tucker,2002,213
Agent unit necessary city,Christopher Howe,1986,45
Sport ready maybe,Adam Goodwin,1979,85
Across feel cut,Douglas Myers,2002,167
Few live collection,Michael Fernandez,1977,94
Successful back simply,Tracy Phillips,1971,116
Mind decade nature shoulder,Sheri Valencia,2015,193
Rest woman relate suddenly,Bianca Kelly,2013,143
Pretty wear able forget once,Courtney Pierce,1995,170
Candidate create what senior in,Molly Whitaker,2014,77
Goal recent,Jeremy Turner,2023,68
Question why,Brenda Green,2002,176
Could song two mind,Adam Miller,2022,144
Election under tend,Taylor Wilkerson MD,1980,145
Appear at,Jeffrey Cherry,2006,52
Suffer remember feel,Dr. Elizabeth Lowery DVM,1980,214
Report painting politics cup,Carrie Peterson,2024,91
Note sometimes suffer,Daniel Murphy,1976,136
A chance recently crime,Rodney Leonard,2005,81
Report prove stand,Lisa Sims,1976,19
Sell tax accept edge,Justin Taylor,1979,29
Watch simply wife laugh,Matthew Peters,2002,72
Entire during inside,Jonathan Hartman,1991,102
Defense understand prove,Debra Curtis,1991,8
Onto artist,Deborah Harris,2012,72
Business respond area,Robert Graham,1999,79
Two who state interview senior,Terri Ortiz,1996,91
Create major world,Daniel Randolph,2009,120
Involve detail position book billion,Brian Wright,1971,64
Power American interesting draw,Kayla Rhodes,2006,169
Prepare center a risk,William Reeves,2018,47
Forward want example especially,Steven Dixon,2007,7
But reach business,Brian Larsen,1987,163
Serve range,Alyssa Miller,2006,61
About quickly box conference law,Sara Hudson,2022,213
Drop military role civil claim,Carolyn Ramos,1975,197
Important sit,Danielle Bass,2016,112
With nearly risk language,Ernest Vaughan,1970,125
Chair example among resource,Brooke Colon,1978,54
Lawyer relate guy edge green,Joseph Daugherty,1988,182
North financial,Paul Brown,1974,129
Put on floor,Frank Cooper,2009,147
During record finish year candidate,Charles Barker,2020,75
Wrong thank back consider provide,Christopher Bryant,1998,122
Family board tax game weight,Jenny Rodriguez,2001,19
Throughout action control money,Matthew Simpson,2022,20
Might while successful plan former,Melissa Wyatt,2006,186
Part similar receive,Jessica Kelley,1992,195
Per place popular rise,Jasmine Rogers,1984,86
Financial indicate toward arm popular,Jeffrey Villa,1996,95
Blue weight,Lori Greer,1972,32
Movie choose,Scott Perry,2001,47
Administration professional recently increase job,William Diaz,2003,127
Them ago,Jose Vasquez,1972,239
Field brother dinner,Samantha Obrien,1977,53
Suffer figure last card the,Erika Alvarez,2018,15
Serious near,Julia Stuart,2024,205
Range clearly need agent,Samantha Tate,1988,68
On turn,Erika Mckenzie,1976,129
Sign agent site,Roberta Gutierrez,2010,122
Toward source put,James Dean,1977,237
Him hope,Jaime Cochran DDS,1976,25
A season if sometimes,Brent Barton,1982,157
Forward successful,Jerry Mendez,1990,68
None future front computer religious,Sabrina Lloyd,2011,69
Deep bag,Joshua Wade,1974,117
Activity return much,Alicia Taylor,1975,193
Produce quite let do game,Brian Johnson,1977,211
Girl special foreign,Molly Anderson,1986,6
Face lawyer with matter,Megan Ortega,1972,18
And guess agent occur message,Joshua Taylor,1992,94
Deep sell second every,Leroy Ibarra,2005,198
Husband recognize,Barbara King,1999,243
Serious lay,Christopher Adams,1994,140
Own store,Sean Bishop,1972,178
Beautiful care,Laura Thompson,1992,52
Ground alone happy research,John Thompson,1999,250
Town Republican long beyond property,Michael Wilson,1975,116
Across sit letter remember,Jasmine Roach,1995,161
Arm alone parent,Gabriel Rich,2016,136
Authority building,Ashley White,2007,233
Song impact oil,Kelly Gonzalez,1995,215
Position tend million process,Tyler Brooks,1999,74
Environment help own actually,Erica Nelson,2000,243
Court since ready manager,Scott Thompson,1970,37
Base start sister,Christopher Ross,1996,14
Special side chance sing,Samantha Davis,2017,7
Song goal wish,Stacey Wang,1981,170
Good child option future daughter,Thomas Smith,1971,10
Four movement usually,Anthony Ford,2023,131
Term record,Emma Conway,2019,1
Study list near,Steven Rocha,1993,79
Off tough,Dennis Bailey,2017,110
Protect direction stock home,Jessica Weaver,2019,237
Plant or yard,Patrick Harrington,2014,9
Business sea politics,Stephen Taylor,2013,154
Occur person crime hot,Katie Hurley,1998,79
Center person benefit arrive,Bill Patterson,1988,246
Visit forward analysis member,Robert Clark,2009,31
Stage strong however,Patrick Werner,2016,77
Represent business chance improve,Scott Mitchell,1997,235
What ready million them,Christopher Curry,2013,85
Foreign job,Rebecca Lee,2021,165
Customer small participant,Michelle Ellis,2011,245
Professor tend cost,Sheila Johnson,1982,33
Thing television worker,Savannah Flores,1988,78
Best ground message,Leslie Elliott,1998,224
Hospital us at,Amy Gutierrez,2001,204
Dream wrong leave adult risk,Charles Molina DVM,1978,213
Middle teach nearly situation,Jonathon Martinez,2012,212
Hundred best,Anthony Martin,1979,232
Democratic practice perform compare rate,Matthew Taylor,2006,135
With relationship program story,Michael Levy,1979,140
Interesting we chance imagine,Leon Ashley,2000,212
Society off life happy,Erin Alexander,2011,103
Us history performance decision,Heather Landry,2021,166
Quality side mind,Albert Huff,2003,206
Include about PM,Nathan Weaver,2009,141
Foreign dog,Walter Bailey,2011,147
Education and,Tyler Rush,2013,20
Federal house film,Christina Evans,1974,76
Cultural girl effort thousand,Anthony Martinez,2016,14
Environmental ability,Kimberly Olson,2015,168
Church claim tend,Paul Jones,1971,128
Write foreign inside,Samuel Diaz,1979,113
Always quality full,Corey Hoover,1985,103
Mrs school game,Breanna Shaw,1971,119
Production collection skill,Michelle Brown,2019,69
Material happy much,Jason Kennedy,2007,206
Stand many upon,Janice Perez,2021,157
Sure available improve,James Riggs,2004,26
Wind community like,James Wilkinson,2013,12
Involve think might prove,Matthew Patterson,1983,3
Deep side,Christine Jones,1985,194
Notice note let,Mark Hunt,2007,169
Decade notice that when,Alexandra Pierce,1991,191
Between fall born,Gary Rodriguez,1995,174
Best dark recognize late word,Ryan Donaldson,1978,38
Movie experience big trip though,Kelly Rowe,2015,8
Approach wear,Monique Hernandez,1987,122
Only police,Michelle Wright,1996,174
Answer article many among,Kristi Sullivan,1971,144
Until example memory beautiful occur,Tammy Mcdonald,1989,244
Loss information issue,Michael Edwards,1989,45
Nation quickly happen,David Oliver,2020,179
Big its cell star,Clayton Harris,2013,88
Later blue,Collin Fernandez,1975,8
Surface reveal allow,Carol Brown,1995,210
North shake,Zachary Riley,1985,169
Across sea much try each,Barbara Turner,2009,236
Scene happy not,Andre Barnes,1987,149
Activity role,Lucas Elliott,2021,137
Their record fine plant,Kevin Kelley,1993,125
Activity six feeling,Jennifer Baker,2022,101
Through together crime,Eric Bartlett DVM,1998,195
Western land technology since peace,Gary Webb,2016,210
North many head wife ten,Chelsea Patel,1999,96
Agency window money,Sandra Mendez,2022,5
Government nothing magazine,Fernando Harrison,1979,228
Visit subject say,Jeffery Bowen,1972,138
Short eye blood this,Kathy Baird,1982,30
Everyone us trip democratic west,Justin Smith,2021,34
Keep account move,Emily Thomas,2002,61
Discuss third answer,Jeffrey Sullivan,2016,180
East cultural analysis,Gregory Patel,2022,118
Act police,Tiffany Cunningham,2001,101
Number push writer,Donna Bentley,1975,192
I success employee chance,Christopher Griffin,1979,141
Election certainly,Morgan Dodson,2012,221
Wear west,Leslie Newman,1983,38
Form staff believe,Aaron Haynes,1987,85
Culture hit,Monique Cruz,2002,96
Mr Democrat likely baby artist,Jennifer Frazier,2000,123
Have most,Kevin Armstrong,1974,153
After particular speech,John Johnson,1976,158
Treat course popular,Luis Taylor,2007,123
Fish early newspaper role grow,Holly Poole,2025,239
Light say field not tend,John Jensen,1996,236
White early,Christine Gardner MD,2025,44
Likely would,Ashley Matthews,2011,9
Meeting cultural movie so,Kathleen Smith,1996,14
Just exist conference,Barbara Brown,1973,155
American bad difficult hot,Christina Williams,2019,148
Admit write activity performance who,Patrick Mcdonald,2019,102
Growth likely floor,Eric Thomas,2003,166
Minute stay will trade,Mackenzie Adams,1989,93
Site including language,Sabrina Wells,2000,208
Away campaign school similar fall,Alexandra Blanchard,1982,19
Finally last court police,David Mora,2019,219
Far look position game,Mrs. Tina Rose DVM,2009,155
Early movement,Christina Harris,2000,183
Support knowledge several,Corey Bell,2012,153
Among be black bed evening,Jonathan Hunter,1970,46
May white evening,Theresa Vaughn,1985,180
Ahead center natural fund,Keith Quinn,2015,118
Stand whole spend popular full,Leslie Morrison,2024,126
Physical ago interesting brother,Raymond Murphy,1980,214
Measure theory threat toward,Mrs. Sue Potter,1986,161
Much approach speech field,Michelle Vargas,2003,223
Hope represent democratic,Justin Pitts,2001,56
Behavior war,Crystal Sosa,2013,63
Happy large site enjoy,David Shannon,1972,148
Mention air forward,Larry Johnson,2001,185
Really one cultural billion into,Sharon Bailey,1983,187
Writer miss,Morgan Morales,2000,207
Set support inside,Melinda Callahan,1985,79
Usually power sport,Theresa Nguyen,1975,63
Goal result involve step,Donald Miller,2016,47
Red season citizen popular,Patricia Mcintosh,1978,242
Fire yet well resource,Michelle Guerrero,1989,75
Agreement west wish certainly,Tricia Ball,2006,220
Operation across,James Harris,1999,18
Happy leg report summer,Margaret Roberts,1975,193
View ten,Sarah Walker,1970,196
Who lawyer ten thank,Jeremy Kelly,1970,54
Possible wide teach,Brandy Miller,1985,151
Amount test,Angela Peterson,2019,149
Area next level plant,Charles Schwartz,1972,8
Painting TV shake paper really,Bruce Brown,2011,128
Data social surface always,Leslie Rasmussen,1977,247
Professional language better,Linda Castro,2013,81
Recent support compare me stop,Daniel Beasley,1984,116
Would include think knowledge,Mr. Jacob Burnett,1978,207
Single reduce test movie,Emily Bell,1982,8
Green always show official,Chad Harris,1995,180
Artist great,Cheryl Frey,2011,107
Party song him,Craig Jensen,1978,58
Final like,Michelle Richardson,1977,31
Share it,Frank Thompson,2003,44
Them ten charge program,Martha Hayes,2002,187
Film effect perhaps less,Margaret Potter,2007,203
Next be budget nice,Mary Perry,1981,55
Close price,Olivia Jones,1979,25
Deal base maybe,Brian Gutierrez,2000,176
Face various soldier window,Lisa Taylor,2013,86
Hour if,Nancy Roberts,1972,183
Deep character apply many,Susan Foster,1980,245
Head lay,William Myers,1989,51
Interesting age land reason,Lisa Benson,2017,114
Finally need loss,Shawna Scott,2010,193
Remember health trial physical,Nancy Underwood,2004,54
Back eat,Sonia Contreras,1986,38
Force other,Michael Lopez,2004,169
Character society him traditional store,Robert Smith,2025,245
Back start west,Cory Lawson,1988,81
Partner decide throw fast interest,Jose Hobbs,2008,57
Road anyone building be,Patrick Smith,1979,198
Back apply themselves gas,Kimberly Williams,1976,152
Him nothing day center effort,Christopher Perez,2015,203
Thus finish already notice hard,Tyler Kirk,2008,38
There clearly,Karen Tyler,2018,214
Third upon hospital put,Ariel Keith,2017,21
Beyond any,Daniel Patrick,1974,248
Door produce,Heather George,2000,52
Light provide material,Kelly Myers,1986,161
Book main role article from,Christopher Juarez,1991,170
Offer husband feeling,Michael Salinas,2017,180
Billion character bar lot approach,Brooke Dean,1972,24
Individual free church loss,Kristie Lawrence,2008,163
Where service focus national,Robert Brown,1973,98
Local tax popular,Jack Fisher,2008,227
Send themselves alone everyone,David Black,1989,26
Arm with team generation,Charles Carpenter,1986,54
Page think doctor computer,Anthony Lee,1992,52
Upon have almost alone,Ann Hall,1981,109
Available say vote,Colton Sanchez,2021,38
Third plan seven store,Kathy Barrera,2024,69
Trial yard meet,Robert Gibbs,1983,207
Information represent toward argue what,Pamela Miles,2021,229
Quite fire both,Yolanda Cortez,1983,192
Top mouth leave idea young,Jesse Cole,2011,227
Relationship notice,Shelly Williams,2013,207
Product find someone general,Michael Gordon,1980,198
Study course me,Victoria Smith,1975,215
Factor trip whole,Samuel Green,1977,74
History organization address city gas,Casey Smith DVM,1989,2
Wait so air stay just,Peter Coleman,1988,170
From society,Jack Shelton,2011,159
Only realize person seem,Elizabeth Gonzales,1994,139
Girl near change big,Brandon Williams,1971,176
Have throughout,Stephen Johnson,2005,250
Let building appear economy,Javier Johnson,2008,22
Else region,Peter Mccarthy,1980,13
Western case car,Danielle Woods,2010,24
Push nearly whole,Andre Smith,2010,68
Himself support,Brian Miller,1989,127
Develop improve seem him their,Jason Johnson,1970,58
Box own very,Michael Mann,2025,174
Read value resource media,Jeffery Torres,2001,171
Total right language beautiful,Shannon Herrera,2004,120
Over third age,Joseph Barnett,2003,178
Daughter range,Robert Duncan,2001,127
Voice base,Stephen Parks,1995,202
Law perhaps item free,Michael Lowe,1978,116
Suffer meet follow wall brother,Colleen Solomon,2013,159
Civil because either pass line,Kristine Perry,2003,4
Natural age network,Mary Murray,1995,14
Anything chair business position,Brian Fitzgerald,2002,48
Our operation Mrs,Brian Love,2020,233
Mr local community decision,Kimberly Alvarez,2013,135
Writer keep minute,Kevin Newton,2017,106
Physical back difficult already,Ashley Robinson,1999,237
Language learn magazine,Emily Williams,1997,158
Pretty war,Matthew Lindsey,2006,131
Religious outside hard,Christopher Mueller,2002,84
Little practice better art,Ann Ruiz,1985,90
Remember somebody,Regina Giles,1987,104
Explain executive letter,Jason Simon,1973,210
Though big theory various,April Little,2000,178
Meeting until seat stage,Jordan Malone,2022,227
People including cut,Mark Campbell,1973,58
Gas evidence grow send,Crystal Lopez,2019,170
Must finally,Michael Osborn,1985,95
Physical fall,William Fry,1991,231
Poor once,Lisa Rios,2018,17
President technology,Angela Galloway,1982,143
Leg set capital successful,Carl Hill,2002,236
Ball its night rest,Michelle Davidson,1988,108
Ten tend administration,Mathew Wilson,2013,27
Win bed indeed about,Christy Dillon,2020,93
Other down like half area,Sherry Johnson,2024,234
Save writer page,Daniel Gonzalez,1981,48
Responsibility finish watch,Mark Boyd,2003,115
Feel raise such,Justin Williams,2007,238
Risk owner out no,Matthew Olson,2014,7
Individual myself simple news increase,James Wright,1995,131
Remember executive concern despite,Christopher Hughes,2022,215
Poor situation direction,Matthew Miller,2017,101
Truth six everybody include board,Walter Wilson,2008,54
Skill enjoy,Jade Hill,1996,245
Receive appear end effort friend,Patrick Daugherty,1985,206
Item involve,Sandra Bennett,2023,106
Push trade face sometimes,William Acosta,1987,1
Usually hand dinner produce administration,Anna Johnson,2008,131
Mind meeting happen recent,Jennifer Perez,1976,214
Too dark him degree,Daniel Hooper,2004,136
Class power Mrs attack,Lisa Carpenter,1999,21
Discuss again oil front difference,Steven Fields,1999,243
Control feeling,Timothy Lewis,1995,227
Together check concern,Vanessa Castillo,1991,38
Attention education all we,Ann Williams,1970,207
Society need order,Lauren Moreno,1990,169
Coach poor because town,Lance Hamilton,1992,142
Cause fact,Kimberly Shelton,1982,36
Article water form,Debra Bright,2005,50
Factor focus you,Keith Cooper,2011,126
Relationship rather call draw,Adam Dominguez,1979,111
President serious set,Kari Ferguson,1982,175
Give pull make operation record,Zachary Hill,1982,125
Page perhaps,Joy Lopez,1973,211
Near TV write really,James Randolph,1978,39
Growth for fine,Deborah Thomas,1986,66
Model nearly small get,Patricia Wong,2009,112
Ok test ready red stock,Laura Warner,1982,166
Physical suggest actually treat,Henry Melton,2007,10
Medical medical yeah long left,Colleen Walters,1982,32
Trial open citizen,Luke Wright,1982,190
Last agent eat,Jason Strickland,1987,146
Pretty it,Mary Gutierrez,2019,37
Prepare nice,Ann Nichols,2023,88
Information man hundred begin service,Elizabeth Kirk,1982,33
Event reveal,Jason White,2007,160
Material develop,Jessica Hill,2007,7
Collection everything edge,Sarah Thornton,1973,152
Close summer,Brittany Finley,2017,166
Perhaps but,Justin Brown,2019,28
Region as news ball,Michelle White,1992,49
From study opportunity hair,Barry Willis,1990,204
Lot change event idea,Nancy Barton,1999,59
There goal,Bryan Carroll,1999,36
Training impact several force least,Shaun Johnson,1982,96
Huge half blood another,Jeff Spencer,1997,230
Teacher what wall,Anita Gamble,1972,116
Old light less too,Jennifer Obrien,1992,109
Interesting range,Lisa Robertson DVM,2021,110
Magazine model involve,Brianna Rowe,1984,122
Pm seven art seat,Emma Hodge,2007,247
Argue ground break relate determine,Gail Mcclain,1981,245
Up market stock,Karen Brewer,1974,80
With behind development,Jenna Barnes,1997,28
Standard outside sign,Steven Hoover,1991,74
Body low,Eric Garza,2016,74
Add bag,Ricky Thomas,2005,32
Behind claim sort scene him,Arthur Hernandez,1991,234
Other hundred trouble ok drug,Nicholas Odom,2010,156
Name capital TV,Brandon King,1977,28
No garden environmental,Martin Whitehead,1974,131
Among according simple share situation,Ashley Gomez,1988,228
Million up north community,Jacob Duran,2008,104
Phone very yeah including,Jasmine Burns,1994,231
Concern he stage hand miss,John Clarke,1999,144
Animal likely,Summer Palmer,1976,108
Management seem,Mary Richardson,2011,161
Career land magazine,Corey White,1992,233
Rich certain very,Timothy Montoya,1975,132
Board most,Terry Valentine,1993,240
Method tell,Krista Humphrey,1977,205
Building exist event,Meghan Daugherty,2023,137
Thank however quality response,Kara Brown,2002,118
Table American include,Christopher Lutz,1989,27
Spend throughout street senior,Rebecca Lopez,2008,75
Few indeed including expect result,Roger Olson,1993,89
Boy thousand table notice information,Joshua Wilson,2022,106
Culture happy think Congress,Tracy Trujillo MD,1978,122
Up energy tend,Kaitlyn Gibson,1974,3
Occur dinner along young less,Sabrina George,2003,246
Account place key improve under,James Mora,1986,18
Financial people,James Freeman,1988,178
Church reach quite difficult,Holly Paul,1986,120
Energy interesting remember,Brandon Marshall,1988,1
Other decide make health civil,Felicia Lopez,1992,119
Arrive until act,Tyler Krause,1989,227
Together discover,Christian Clayton,2023,162
Common alone pressure,Douglas Myers,1994,212
Machine great soon,Brent Hardy,2015,221
Ask three candidate seat dog,Anthony Cortez,2009,183
Be month example,Roger Blevins,2005,242
Current or store until,April Montes,1992,106
White amount marriage,Mary Johnson,1975,28
Personal something deal him,Matthew Mitchell,1978,200
Sort keep several situation,David Graham,1993,81
Hospital top threat piece,Jacqueline Cook,1986,200
Left despite popular,Debra Mason,1992,157
Perhaps really everything,Parker Norris,2003,141
Within rate against indicate whether,Derek Ryan,1981,133
Stage open meeting Mr whom,Victoria Torres,2002,71
Kid house dark,Jade Johnson,1989,237
Stay deep respond,Travis Barnett,2024,66
Health phone,Robert Ellis,1971,79
Born government,Jessica Nguyen,2007,248
Check hundred expect,Gavin Smith,2011,131
Find seem write music page,Peter Cobb,1994,202
Final simple,Carolyn Obrien,1979,11
Table same hold deal,Janet Fisher,2020,65
Sister society writer,Mary Williams,2002,54
Room but occur,Samuel Osborn,2011,231
Run least those since,Angelica Mann,1991,134
Red thing yes knowledge,Donna Johnson,2001,198
Staff natural hot doctor,Stephen Jackson III,1970,140
Above game lose water,David Todd,2009,131
Television goal budget hope learn,Jennifer Steele,1971,119
Report hot develop firm,Breanna Vaughn,2014,57
Enjoy spend leg,Penny Proctor,2013,88
Rate crime fear,Courtney Carlson,1976,143
Heart up purpose fish,Grace Williams,1979,55
Majority entire knowledge,Jessica Jones,2016,156
Challenge memory want film society,Ronald Chaney,1972,85
For commercial worker rate listen,Jessica Kennedy,1988,133
Game study my shake,Felicia Roberts,1982,227
Development expert fear,Ricky Arellano,1981,239
Spend position take ability,Kevin Simpson,1982,69
Front data,Kristi Cordova,2005,136
Choose thus citizen per agreement,Justin Chan,1986,152
From create break,Samantha Blackwell,2005,181
Write threat if,David Silva MD,1971,73
Guy perhaps boy,Melinda West,1978,149
Car dinner,Mitchell Clayton,1999,59
Watch factor visit,Robert Williams,2002,110
Within consider,Shannon Black,2018,192
Bring do,Diana Swanson,1973,106
Pull paper safe under,Samantha Howe,1983,204
Available specific issue,Luke Welch,2004,169
Forget leg trip,Kimberly Harrington,2008,249
While city,Jerome Rivera,2011,38
Theory party,Matthew Leonard,1984,177
Mr of full expert,Daniel Adams,1980,227
Receive successful finally foreign her,Luke Campbell,2004,213
Step paper kind summer,Troy Brown,2006,35
Audience coach ready four,Henry Gregory,2004,31
The woman phone,Roberta Bryant,2014,37
Maintain fish think move student,Margaret Wiley,2012,205
Rule himself,Joel Jackson,2010,148
Organization back rate realize,Stephanie Young,2016,108
Listen religious our prevent,Michael Martinez,2010,189
Parent card,Ronald Morgan,1970,192
Reveal reveal daughter maybe floor,Jenny Norton,1978,52
Authority pass yard peace attorney,Zachary Rodgers,1993,138
Challenge lead,Laura Nichols,2023,71
International capital few,John Morales,1988,141
Rate open add certainly,Karina Aguilar,1992,88
Discuss tend experience paper,Robert Webb,2024,59
Safe break character him understand,Sherry Pearson,2006,90
Agree four write,Justin Boyd,1996,196
Within character treat according,Angel Rodriguez,2010,244
Prevent popular source really,Daniel Bradley,2017,131
Job join whom itself,Jennifer Marks,2009,94
Factor speech into catch,Crystal Carson,1976,7
Contain edge,Michelle Gutierrez,2001,246
Stock late ask represent candidate,Travis Alexander,2013,45
Catch impact art little,Nathan Nelson,2007,214
Action it others arrive,Gary Chase,2018,97
Certain a age,Adam Goodwin,1981,186
Which between,Brian Hooper,1977,97
Toward dinner student,Jennifer English,2004,125
Lose shake visit home,Carolyn Nguyen,2002,51
Throughout individual,Carlos Martin,2016,57
Financial including responsibility skill,John Johnson,2009,160
While get moment,Lauren Moore,2003,250
Either seven support sit,Tonya Shaw,2018,142
Situation worry worker,Gabriel Tran,1987,129
Animal song,Michael Aguilar,2015,217
Agent street enjoy call,Kathryn Mcdaniel,1985,161
Few oil,Daniel Lee,1991,199
Everybody beyond,Russell Garcia,1979,232
Far suggest guy,Paul Reyes,1975,239
Democratic listen everyone arm,Cole Williams,1983,219
Employee parent above imagine be,Jessica Lutz,2005,152
They food exactly system,Karen Jordan,2016,97
Choice training commercial thing,Phillip Rice,1983,43
Number black management fear,Tyler Garza,1979,156
Side everybody can,Laura Castillo,2007,209
Laugh put model pressure,Joshua Mitchell,2013,166
Determine late section movement,Walter Mcmillan,1991,47
Line should,Max Nelson,1989,196
Month appear,Jared Johnson,1999,120
Large way minute choice detail,Zachary Henderson,1998,86
